id,content,metadata,embedding
1,Serviços de informática e congêneres.,"{""codigo_item"":""1"",""fonte_legal"":""Lei Complementar 116/2003""}",
1.01,Análise e desenvolvimento de sistemas.,"{""codigo_item"":""1.01"",""fonte_legal"":""Lei Complementar 116/2003""}",
1.02,Programação.,"{""codigo_item"":""1.02"",""fonte_legal"":""Lei Complementar 116/2003""}",
1.03,Processamento de dados e congêneres.,"{""codigo_item"":""1.03"",""fonte_legal"":""Lei Complementar 116/2003""}",
1.04,"Elaboração de programas de computadores, inclusive de jogos eletrônicos.","{""codigo_item"":""1.04"",""fonte_legal"":""Lei Complementar 116/2003""}",
1.05,Licenciamento ou cessão de direito de uso de programas de computação.,"{""codigo_item"":""1.05"",""fonte_legal"":""Lei Complementar 116/2003""}",
1.06,Assessoria e consultoria em informática.,"{""codigo_item"":""1.06"",""fonte_legal"":""Lei Complementar 116/2003""}",
1.07,"Suporte técnico em informática, inclusive instalação, configuração e manutenção de programas de computação e bancos de dados.","{""codigo_item"":""1.07"",""fonte_legal"":""Lei Complementar 116/2003""}",
1.08,"Planejamento, confecção, manutenção e atualização de páginas eletrônicas.","{""codigo_item"":""1.08"",""fonte_legal"":""Lei Complementar 116/2003""}",
10,Serviços de intermediação e congêneres.,"{""codigo_item"":""10"",""fonte_legal"":""Lei Complementar 116/2003""}",
10.01,"Agenciamento, corretagem ou intermediação de câmbio, de seguros, de cartões de crédito, de planos de saúde e de planos de previdência privada.","{""codigo_item"":""10.01"",""fonte_legal"":""Lei Complementar 116/2003""}",
10.02,"Agenciamento, corretagem ou intermediação de títulos em geral, valores mobiliários e contratos quaisquer.","{""codigo_item"":""10.02"",""fonte_legal"":""Lei Complementar 116/2003""}",
10.03,"Agenciamento, corretagem ou intermediação de direitos de propriedade industrial, artística ou literária.","{""codigo_item"":""10.03"",""fonte_legal"":""Lei Complementar 116/2003""}",
10.04,"Agenciamento, corretagem ou intermediação de contratos de arrendamento mercantil (leasing), de franquia (franchising) e de faturização (factoring).","{""codigo_item"":""10.04"",""fonte_legal"":""Lei Complementar 116/2003""}",
10.05,"Agenciamento, corretagem ou intermediação de bens móveis ou imóveis, não abrangidos em outros itens ou subitens, inclusive aqueles realizados no âmbito de Bolsas de Mercadorias e Futuros, por quaisquer meios.","{""codigo_item"":""10.05"",""fonte_legal"":""Lei Complementar 116/2003""}",
10.06,Agenciamento marítimo.,"{""codigo_item"":""10.06"",""fonte_legal"":""Lei Complementar 116/2003""}",
10.07,Agenciamento de noticias.,"{""codigo_item"":""10.07"",""fonte_legal"":""Lei Complementar 116/2003""}",
10.08,"Agenciamento de publicidade e propaganda, inclusive o agenciamento de veiculação por quaisquer meios.","{""codigo_item"":""10.08"",""fonte_legal"":""Lei Complementar 116/2003""}",
10.09,"Representação de qualquer natureza, inclusive comercial.","{""codigo_item"":""10.09"",""fonte_legal"":""Lei Complementar 116/2003""}",
10.10,Distribuição de bens de terceiros.,"{""codigo_item"":""10.10"",""fonte_legal"":""Lei Complementar 116/2003""}",
11,"Serviços de guarda, estacionamento, armazenamento, vigilância e congêneres.","{""codigo_item"":""11"",""fonte_legal"":""Lei Complementar 116/2003""}",
11.01,"Guarda e estacionamento de veículos terrestres automotores, de aeronaves e de embarcações.","{""codigo_item"":""11.01"",""fonte_legal"":""Lei Complementar 116/2003""}",
11.02,"Vigilância, segurança ou monitoramento de bens e pessoas.","{""codigo_item"":""11.02"",""fonte_legal"":""Lei Complementar 116/2003""}",
11.03,"Escolta, inclusive de veículos e cargas.","{""codigo_item"":""11.03"",""fonte_legal"":""Lei Complementar 116/2003""}",
11.04,"Armazenamento, depósito, carga, descarga, arrumação e guarda de bens de qualquer espécie.","{""codigo_item"":""11.04"",""fonte_legal"":""Lei Complementar 116/2003""}",
12,"Serviços de diversões, lazer, entretenimento e congêneres.","{""codigo_item"":""12"",""fonte_legal"":""Lei Complementar 116/2003""}",
12.01,Espetáculos teatrais.,"{""codigo_item"":""12.01"",""fonte_legal"":""Lei Complementar 116/2003""}",
12.02,Exibições cinematográficas.,"{""codigo_item"":""12.02"",""fonte_legal"":""Lei Complementar 116/2003""}",
12.03,Espetáculos circenses.,"{""codigo_item"":""12.03"",""fonte_legal"":""Lei Complementar 116/2003""}",
12.04,Programas de auditório.,"{""codigo_item"":""12.04"",""fonte_legal"":""Lei Complementar 116/2003""}",
12.05,"Parques de diversões, centros de lazer e congêneres.","{""codigo_item"":""12.05"",""fonte_legal"":""Lei Complementar 116/2003""}",
12.06,"Boates, taxi-dancing e congêneres.","{""codigo_item"":""12.06"",""fonte_legal"":""Lei Complementar 116/2003""}",
12.07,"Shows, ballet, danças, desfiles, bailes, óperas, concertos, recitais, festivais e congêneres.","{""codigo_item"":""12.07"",""fonte_legal"":""Lei Complementar 116/2003""}",
12.08,"Feiras, exposições, congressos e congêneres.","{""codigo_item"":""12.08"",""fonte_legal"":""Lei Complementar 116/2003""}",
12.09,"Bilhares, boliches e diversões eletrônicas ou não.","{""codigo_item"":""12.09"",""fonte_legal"":""Lei Complementar 116/2003""}",
12.10,Corridas e competições de animais.,"{""codigo_item"":""12.10"",""fonte_legal"":""Lei Complementar 116/2003""}",
12.11,"Competições esportivas ou de destreza física ou intelectual, com ou sem a participação do espectador.","{""codigo_item"":""12.11"",""fonte_legal"":""Lei Complementar 116/2003""}",
12.12,Execução de música.,"{""codigo_item"":""12.12"",""fonte_legal"":""Lei Complementar 116/2003""}",
12.13,"Produção, mediante ou sem encomenda prévia, de eventos, espetáculos, entrevistas, shows, ballet, danças, desfiles, bailes, teatros, óperas, concertos, recitais, festivais e congêneres.","{""codigo_item"":""12.13"",""fonte_legal"":""Lei Complementar 116/2003""}",
12.14,"Fornecimento de música para ambientes fechados ou não, mediante transmissão por qualquer processo.","{""codigo_item"":""12.14"",""fonte_legal"":""Lei Complementar 116/2003""}",
12.15,"Desfiles de blocos carnavalescos ou folclóricos, trios elétricos e congêneres.","{""codigo_item"":""12.15"",""fonte_legal"":""Lei Complementar 116/2003""}",
12.16,"Exibição de filmes, entrevistas, musicais, espetáculos, shows, concertos, desfiles, óperas, competições esportivas, de destreza intelectual ou congêneres.","{""codigo_item"":""12.16"",""fonte_legal"":""Lei Complementar 116/2003""}",
12.17,"Recreação e animação, inclusive em festas e eventos de qualquer natureza.","{""codigo_item"":""12.17"",""fonte_legal"":""Lei Complementar 116/2003""}",
13,"Serviços relativos a fonografia, fotografia, cinematografia e reprografia.","{""codigo_item"":""13"",""fonte_legal"":""Lei Complementar 116/2003""}",
13.02,"Fonografia ou gravação de sons, inclusive trucagem, dublagem, mixagem e congêneres.","{""codigo_item"":""13.02"",""fonte_legal"":""Lei Complementar 116/2003""}",
13.03,"Fotografia e cinematografia, inclusive revelação, ampliação, cópia, reprodução, trucagem e congêneres.","{""codigo_item"":""13.03"",""fonte_legal"":""Lei Complementar 116/2003""}",
13.04,"Reprografia, microfilmagem e digitalização.","{""codigo_item"":""13.04"",""fonte_legal"":""Lei Complementar 116/2003""}",
13.05,"Composição gráfica, fotocomposição, clicheria, zincografia, litografia, fotolitografia.","{""codigo_item"":""13.05"",""fonte_legal"":""Lei Complementar 116/2003""}",
14,Serviços relativos a bens de terceiros.,"{""codigo_item"":""14"",""fonte_legal"":""Lei Complementar 116/2003""}",
14.01,"Lubrificação, limpeza, lustração, revisão, carga e recarga, conserto, restauração, blindagem, manutenção e conservação de máquinas, veículos, aparelhos, equipamentos, motores, elevadores ou de qualquer objeto (exceto peças e partes empregadas, que ficam sujeitas ao ICMS).","{""codigo_item"":""14.01"",""fonte_legal"":""Lei Complementar 116/2003""}",
14.02,Assistência técnica.,"{""codigo_item"":""14.02"",""fonte_legal"":""Lei Complementar 116/2003""}",
14.03,"Recondicionamento de motores (exceto peças e partes empregadas, que ficam sujeitas ao ICMS).","{""codigo_item"":""14.03"",""fonte_legal"":""Lei Complementar 116/2003""}",
14.04,Recauchutagem ou regeneração de pneus.,"{""codigo_item"":""14.04"",""fonte_legal"":""Lei Complementar 116/2003""}",
14.05,"Restauração, recondicionamento, acondicionamento, pintura, beneficiamento, lavagem, secagem, tingimento, galvanoplastia, anodização, corte, recorte, polimento, plastificação e congêneres, de objetos quaisquer.","{""codigo_item"":""14.05"",""fonte_legal"":""Lei Complementar 116/2003""}",
14.06,"Instalação e montagem de aparelhos, máquinas e equipamentos, inclusive montagem industrial, prestados ao usuário final, exclusivamente com material por ele fornecido.","{""codigo_item"":""14.06"",""fonte_legal"":""Lei Complementar 116/2003""}",
14.07,Colocação de molduras e congêneres.,"{""codigo_item"":""14.07"",""fonte_legal"":""Lei Complementar 116/2003""}",
14.08,"Encadernação, gravação e douração de livros, revistas e congêneres.","{""codigo_item"":""14.08"",""fonte_legal"":""Lei Complementar 116/2003""}",
14.09,"Alfaiataria e costura, quando o material for fornecido pelo usuário final, exceto aviamento.","{""codigo_item"":""14.09"",""fonte_legal"":""Lei Complementar 116/2003""}",
14.10,Tinturaria e lavanderia.,"{""codigo_item"":""14.10"",""fonte_legal"":""Lei Complementar 116/2003""}",
14.11,Tapeçaria e reforma de estofamentos em geral.,"{""codigo_item"":""14.11"",""fonte_legal"":""Lei Complementar 116/2003""}",
14.12,Funilaria e lanternagem.,"{""codigo_item"":""14.12"",""fonte_legal"":""Lei Complementar 116/2003""}",
14.13,Carpintaria e serralheria.,"{""codigo_item"":""14.13"",""fonte_legal"":""Lei Complementar 116/2003""}",
15,"Serviços relacionados ao setor bancário ou financeiro, inclusive aqueles prestados por instituições financeiras autorizadas a funcionar pela União ou por quem de direito.","{""codigo_item"":""15"",""fonte_legal"":""Lei Complementar 116/2003""}",
15.01,"Administração de fundos quaisquer, de consórcio, de cartão de crédito ou débito e congêneres, de carteira de clientes, de cheques pré-datados e congêneres.","{""codigo_item"":""15.01"",""fonte_legal"":""Lei Complementar 116/2003""}",
15.02,"Abertura de contas em geral, inclusive conta-corrente, conta de investimentos e aplicação e caderneta de poupança, no País e no exterior, bem como a manutenção das referidas contas ativas e inativas.","{""codigo_item"":""15.02"",""fonte_legal"":""Lei Complementar 116/2003""}",
15.03,"Locação e manutenção de cofres particulares, de terminais eletrônicos, de terminais de atendimento e de bens e equipamentos em geral.","{""codigo_item"":""15.03"",""fonte_legal"":""Lei Complementar 116/2003""}",
15.04,"Fornecimento ou emissão de atestados em geral, inclusive atestado de idoneidade, atestado de capacidade financeira e congêneres.","{""codigo_item"":""15.04"",""fonte_legal"":""Lei Complementar 116/2003""}",
15.05,"Cadastro, elaboração de ficha cadastral, renovação cadastral e congêneres, inclusão ou exclusão no Cadastro de Emitentes de Cheques sem Fundos – CCF ou em quaisquer outros bancos cadastrais.","{""codigo_item"":""15.05"",""fonte_legal"":""Lei Complementar 116/2003""}",
15.06,"Emissão, reemissão e fornecimento de avisos, comprovantes e documentos em geral; abono de firmas; coleta e entrega de documentos, bens e valores; comunicação com outra agência ou com a administração central; licenciamento eletrônico de veículos; transferência de veículos; agenciamento fiduciário ou depositário; devolução de bens em custódia.","{""codigo_item"":""15.06"",""fonte_legal"":""Lei Complementar 116/2003""}",
15.07,"Acesso, movimentação, atendimento e consulta a contas em geral, por qualquer meio ou processo, inclusive por telefone, fac-símile, internet e telex, acesso a terminais de atendimento, inclusive vinte e quatro horas; acesso a outro banco e a rede compartilhada; fornecimento de saldo, extrato e demais informações relativas a contas em geral, por qualquer meio ou processo.","{""codigo_item"":""15.07"",""fonte_legal"":""Lei Complementar 116/2003""}",
15.08,"Emissão, reemissão, alteração, cessão, substituição, cancelamento e registro de contrato de crédito; estudo, análise e avaliação de operações de crédito; emissão, concessão, alteração ou contratação de aval, fiança, anuência e congêneres; serviços relativos a abertura de crédito, para quaisquer fins.","{""codigo_item"":""15.08"",""fonte_legal"":""Lei Complementar 116/2003""}",
15.09,"Arrendamento mercantil (leasing) de quaisquer bens, inclusive cessão de direitos e obrigações, substituição de garantia, alteração, cancelamento e registro de contrato, e demais serviços relacionados ao arrendamento mercantil (leasing).","{""codigo_item"":""15.09"",""fonte_legal"":""Lei Complementar 116/2003""}",
15.10,"Serviços relacionados a cobranças, recebimentos ou pagamentos em geral, de títulos quaisquer, de contas ou carnês, de câmbio, de tributos e por conta de terceiros, inclusive os efetuados por meio eletrônico, automático ou por máquinas de atendimento; fornecimento de posição de cobrança, recebimento ou pagamento; emissão de carnês, fichas de compensação, impressos e documentos em geral.","{""codigo_item"":""15.10"",""fonte_legal"":""Lei Complementar 116/2003""}",
15.11,"Devolução de títulos, protesto de títulos, sustação de protesto, manutenção de títulos, reapresentação de títulos, e demais serviços a eles relacionados.","{""codigo_item"":""15.11"",""fonte_legal"":""Lei Complementar 116/2003""}",
15.12,"Custódia em geral, inclusive de títulos e valores mobiliários.","{""codigo_item"":""15.12"",""fonte_legal"":""Lei Complementar 116/2003""}",
15.13,"Serviços relacionados a operações de câmbio em geral, edição, alteração, prorrogação, cancelamento e baixa de contrato de câmbio; emissão de registro de exportação ou de crédito; cobrança ou depósito no exterior; emissão, fornecimento e cancelamento de cheques de viagem; fornecimento, transferência, cancelamento e demais serviços relativos a carta de crédito de importação, exportação e garantias recebidas; envio e recebimento de mensagens em geral relacionadas a operações de câmbio.","{""codigo_item"":""15.13"",""fonte_legal"":""Lei Complementar 116/2003""}",
15.14,"Fornecimento, emissão, reemissão, renovação e manutenção de cartão magnético, cartão de crédito, cartão de débito, cartão salário e congêneres.","{""codigo_item"":""15.14"",""fonte_legal"":""Lei Complementar 116/2003""}",
15.15,"Compensação de cheques e títulos quaisquer; serviços relacionados a depósito, inclusive depósito identificado, a saque de contas quaisquer, por qualquer meio ou processo, inclusive em terminais eletrônicos e de atendimento.","{""codigo_item"":""15.15"",""fonte_legal"":""Lei Complementar 116/2003""}",
15.16,"Emissão, reemissão, liquidação, alteração, cancelamento e baixa de ordens de pagamento, ordens de crédito e similares, por qualquer meio ou processo; serviços relacionados à transferência de valores, dados, fundos, pagamentos e similares, inclusive entre contas em geral.","{""codigo_item"":""15.16"",""fonte_legal"":""Lei Complementar 116/2003""}",
15.17,"Emissão, fornecimento, devolução, sustação, cancelamento e oposição de cheques quaisquer, avulso ou por talão.","{""codigo_item"":""15.17"",""fonte_legal"":""Lei Complementar 116/2003""}",
15.18,"Serviços relacionados a crédito imobiliário, avaliação e vistoria de imóvel ou obra, análise técnica e jurídica, emissão, reemissão, alteração, transferência e renegociação de contrato, emissão e reemissão do termo de quitação e demais serviços relacionados a crédito imobiliário.","{""codigo_item"":""15.18"",""fonte_legal"":""Lei Complementar 116/2003""}",
16,Serviços de transporte de natureza municipal.,"{""codigo_item"":""16"",""fonte_legal"":""Lei Complementar 116/2003""}",
16.01,Serviços de transporte de natureza municipal.,"{""codigo_item"":""16.01"",""fonte_legal"":""Lei Complementar 116/2003""}",
17,"Serviços de apoio técnico, administrativo, jurídico, contábil, comercial e congêneres.","{""codigo_item"":""17"",""fonte_legal"":""Lei Complementar 116/2003""}",
17.01,"Assessoria ou consultoria de qualquer natureza, não contida em outros itens desta lista; análise, exame, pesquisa, coleta, compilação e fornecimento de dados e informações de qualquer natureza, inclusive cadastro e similares.","{""codigo_item"":""17.01"",""fonte_legal"":""Lei Complementar 116/2003""}",
17.02,"Datilografia, digitação, estenografia, expediente, secretaria em geral, resposta audível, redação, edição, interpretação, revisão, tradução, apoio e infra-estrutura administrativa e congêneres.","{""codigo_item"":""17.02"",""fonte_legal"":""Lei Complementar 116/2003""}",
17.03,"Planejamento, coordenação, programação ou organização técnica, financeira ou administrativa.","{""codigo_item"":""17.03"",""fonte_legal"":""Lei Complementar 116/2003""}",
17.04,"Recrutamento, agenciamento, seleção e colocação de mão-de-obra.","{""codigo_item"":""17.04"",""fonte_legal"":""Lei Complementar 116/2003""}",
17.05,"Fornecimento de mão-de-obra, mesmo em caráter temporário, inclusive de empregados ou trabalhadores, avulsos ou temporários, contratados pelo prestador de serviço.","{""codigo_item"":""17.05"",""fonte_legal"":""Lei Complementar 116/2003""}",
17.06,"Propaganda e publicidade, inclusive promoção de vendas, planejamento de campanhas ou sistemas de publicidade, elaboração de desenhos, textos e demais materiais publicitários.","{""codigo_item"":""17.06"",""fonte_legal"":""Lei Complementar 116/2003""}",
17.08,Franquia (franchising).,"{""codigo_item"":""17.08"",""fonte_legal"":""Lei Complementar 116/2003""}",
17.09,"Perícias, laudos, exames técnicos e análises técnicas.","{""codigo_item"":""17.09"",""fonte_legal"":""Lei Complementar 116/2003""}",
17.10,"Planejamento, organização e administração de feiras, exposições, congressos e congêneres.","{""codigo_item"":""17.10"",""fonte_legal"":""Lei Complementar 116/2003""}",
17.11,"Organização de festas e recepções; bufê (exceto o fornecimento de alimentação e bebidas, que fica sujeito ao ICMS).","{""codigo_item"":""17.11"",""fonte_legal"":""Lei Complementar 116/2003""}",
17.12,"Administração em geral, inclusive de bens e negócios de terceiros.","{""codigo_item"":""17.12"",""fonte_legal"":""Lei Complementar 116/2003""}",
17.13,Leilão e congêneres.,"{""codigo_item"":""17.13"",""fonte_legal"":""Lei Complementar 116/2003""}",
17.14,Advocacia.,"{""codigo_item"":""17.14"",""fonte_legal"":""Lei Complementar 116/2003""}",
17.15,"Arbitragem de qualquer espécie, inclusive jurídica.","{""codigo_item"":""17.15"",""fonte_legal"":""Lei Complementar 116/2003""}",
17.16,Auditoria.,"{""codigo_item"":""17.16"",""fonte_legal"":""Lei Complementar 116/2003""}",
17.17,Análise de Organização e Métodos.,"{""codigo_item"":""17.17"",""fonte_legal"":""Lei Complementar 116/2003""}",
17.18,Atuária e cálculos técnicos de qualquer natureza.,"{""codigo_item"":""17.18"",""fonte_legal"":""Lei Complementar 116/2003""}",
17.19,"Contabilidade, inclusive serviços técnicos e auxiliares.","{""codigo_item"":""17.19"",""fonte_legal"":""Lei Complementar 116/2003""}",
17.20,Consultoria e assessoria econômica ou financeira.,"{""codigo_item"":""17.20"",""fonte_legal"":""Lei Complementar 116/2003""}",
17.21,Estatística.,"{""codigo_item"":""17.21"",""fonte_legal"":""Lei Complementar 116/2003""}",
17.22,Cobrança em geral.,"{""codigo_item"":""17.22"",""fonte_legal"":""Lei Complementar 116/2003""}",
17.23,"Assessoria, análise, avaliação, atendimento, consulta, cadastro, seleção, gerenciamento de informações, administração de contas a receber ou a pagar e em geral, relacionados a operações de faturização (factoring).","{""codigo_item"":""17.23"",""fonte_legal"":""Lei Complementar 116/2003""}",
17.24,"Apresentação de palestras, conferências, seminários e congêneres.","{""codigo_item"":""17.24"",""fonte_legal"":""Lei Complementar 116/2003""}",
18,Serviços de regulação de sinistros vinculados a contratos de seguros; inspeção e avaliação de riscos para cobertura de contratos de seguros; prevenção e gerência de riscos seguráveis e congêneres.,"{""codigo_item"":""18"",""fonte_legal"":""Lei Complementar 116/2003""}",
18.01,Serviços de regulação de sinistros vinculados a contratos de seguros; inspeção e avaliação de riscos para cobertura de contratos de seguros; prevenção e gerência de riscos seguráveis e congêneres.,"{""codigo_item"":""18.01"",""fonte_legal"":""Lei Complementar 116/2003""}",
19,"Serviços de distribuição e venda de bilhetes e demais produtos de loteria, bingos, cartões, pules ou cupons de apostas, sorteios, prêmios, inclusive os decorrentes de títulos de capitalização e congêneres.","{""codigo_item"":""19"",""fonte_legal"":""Lei Complementar 116/2003""}",
19.01,"Serviços de distribuição e venda de bilhetes e demais produtos de loteria, bingos, cartões, pules ou cupons de apostas, sorteios, prêmios, inclusive os decorrentes de títulos de capitalização e congêneres.","{""codigo_item"":""19.01"",""fonte_legal"":""Lei Complementar 116/2003""}",
2,Serviços de pesquisas e desenvolvimento de qualquer natureza.,"{""codigo_item"":""2"",""fonte_legal"":""Lei Complementar 116/2003""}",
2.01,Serviços de pesquisas e desenvolvimento de qualquer natureza.,"{""codigo_item"":""2.01"",""fonte_legal"":""Lei Complementar 116/2003""}",
20,"Serviços portuários, aeroportuários, ferroportuários, de terminais rodoviários, ferroviários e metroviários.","{""codigo_item"":""20"",""fonte_legal"":""Lei Complementar 116/2003""}",
20.01,"Serviços portuários, ferroportuários, utilização de porto, movimentação de passageiros, reboque de embarcações, rebocador escoteiro, atracação, desatracação, serviços de praticagem, capatazia, armazenagem de qualquer natureza, serviços acessórios, movimentação de mercadorias, serviços de apoio marítimo, de movimentação ao largo, serviços de armadores, estiva, conferência, logística e congêneres.","{""codigo_item"":""20.01"",""fonte_legal"":""Lei Complementar 116/2003""}",
20.02,"Serviços aeroportuários, utilização de aeroporto, movimentação de passageiros, armazenagem de qualquer natureza, capatazia, movimentação de aeronaves, serviços de apoio aeroportuários, serviços acessórios, movimentação de mercadorias, logística e congêneres.","{""codigo_item"":""20.02"",""fonte_legal"":""Lei Complementar 116/2003""}",
20.03,"Serviços de terminais rodoviários, ferroviários, metroviários, movimentação de passageiros, mercadorias, inclusive suas operações, logística e congêneres.","{""codigo_item"":""20.03"",""fonte_legal"":""Lei Complementar 116/2003""}",
21,"Serviços de registros públicos, cartorários e notariais.","{""codigo_item"":""21"",""fonte_legal"":""Lei Complementar 116/2003""}",
21.01,"Serviços de registros públicos, cartorários e notariais.","{""codigo_item"":""21.01"",""fonte_legal"":""Lei Complementar 116/2003""}",
22,Serviços de exploração de rodovia.,"{""codigo_item"":""22"",""fonte_legal"":""Lei Complementar 116/2003""}",
22.01,"Serviços de exploração de rodovia mediante cobrança de preço ou pedágio dos usuários, envolvendo execução de serviços de conservação, manutenção, melhoramentos para adequação de capacidade e segurança de trânsito, operação, monitoração, assistência aos usuários e outros serviços definidos em contratos, atos de concessão ou de permissão ou em normas oficiais.","{""codigo_item"":""22.01"",""fonte_legal"":""Lei Complementar 116/2003""}",
23,"Serviços de programação e comunicação visual, desenho industrial e congêneres.","{""codigo_item"":""23"",""fonte_legal"":""Lei Complementar 116/2003""}",
23.01,"Serviços de programação e comunicação visual, desenho industrial e congêneres.","{""codigo_item"":""23.01"",""fonte_legal"":""Lei Complementar 116/2003""}",
24,"Serviços de chaveiros, confecção de carimbos, placas, sinalização visual, banners, adesivos e congêneres.","{""codigo_item"":""24"",""fonte_legal"":""Lei Complementar 116/2003""}",
24.01,"Serviços de chaveiros, confecção de carimbos, placas, sinalização visual, banners, adesivos e congêneres.","{""codigo_item"":""24.01"",""fonte_legal"":""Lei Complementar 116/2003""}",
25,Serviços funerários.,"{""codigo_item"":""25"",""fonte_legal"":""Lei Complementar 116/2003""}",
25.01,"Funerais, inclusive fornecimento de caixão, urna ou esquifes; aluguel de capela; transporte do corpo cadavérico; fornecimento de flores, coroas e outros paramentos; desembaraço de certidão de óbito; fornecimento de véu,","{""codigo_item"":""25.01"",""fonte_legal"":""Lei Complementar 116/2003""}",
25.02,Cremação de corpos e partes de corpos cadavéricos.,"{""codigo_item"":""25.02"",""fonte_legal"":""Lei Complementar 116/2003""}",
25.03,Planos ou convênio funerários.,"{""codigo_item"":""25.03"",""fonte_legal"":""Lei Complementar 116/2003""}",
25.04,Manutenção e conservação de jazigos e cemitérios.,"{""codigo_item"":""25.04"",""fonte_legal"":""Lei Complementar 116/2003""}",
26,"Serviços de coleta, remessa ou entrega de correspondências, documentos, objetos, bens ou valores, inclusive pelos correios e suas agências franqueadas; courrier e congêneres.","{""codigo_item"":""26"",""fonte_legal"":""Lei Complementar 116/2003""}",
26.01,"Serviços de coleta, remessa ou entrega de correspondências, documentos, objetos, bens ou valores, inclusive pelos correios e suas agências franqueadas; courrier e congêneres.","{""codigo_item"":""26.01"",""fonte_legal"":""Lei Complementar 116/2003""}",
27,Serviços de assistência social.,"{""codigo_item"":""27"",""fonte_legal"":""Lei Complementar 116/2003""}",
27.01,Serviços de assistência social.,"{""codigo_item"":""27.01"",""fonte_legal"":""Lei Complementar 116/2003""}",
28,Serviços de avaliação de bens e serviços de qualquer natureza.,"{""codigo_item"":""28"",""fonte_legal"":""Lei Complementar 116/2003""}",
28.01,Serviços de avaliação de bens e serviços de qualquer natureza.,"{""codigo_item"":""28.01"",""fonte_legal"":""Lei Complementar 116/2003""}",
29,Serviços de biblioteconomia.,"{""codigo_item"":""29"",""fonte_legal"":""Lei Complementar 116/2003""}",
29.01,Serviços de biblioteconomia.,"{""codigo_item"":""29.01"",""fonte_legal"":""Lei Complementar 116/2003""}",
3,"Serviços prestados mediante locação, cessão de direito de uso e congêneres.","{""codigo_item"":""3"",""fonte_legal"":""Lei Complementar 116/2003""}",
3.02,Cessão de direito de uso de marcas e de sinais de propaganda.,"{""codigo_item"":""3.02"",""fonte_legal"":""Lei Complementar 116/2003""}",
3.03,"Exploração de salões de festas, centro de convenções, escritórios virtuais, stands, quadras esportivas, estádios, ginásios, auditórios, casas de espetáculos, parques de diversões, canchas e congêneres, para realização de eventos ou negócios de qualquer natureza.","{""codigo_item"":""3.03"",""fonte_legal"":""Lei Complementar 116/2003""}",
3.04,"Locação, sublocação, arrendamento, direito de passagem ou permissão de uso, compartilhado ou não, de ferrovia, rodovia, postes, cabos, dutos e condutos de qualquer natureza.","{""codigo_item"":""3.04"",""fonte_legal"":""Lei Complementar 116/2003""}",
3.05,"Cessão de andaimes, palcos, coberturas e outras estruturas de uso temporário.","{""codigo_item"":""3.05"",""fonte_legal"":""Lei Complementar 116/2003""}",
30,"Serviços de biologia, biotecnologia e química.","{""codigo_item"":""30"",""fonte_legal"":""Lei Complementar 116/2003""}",
30.01,"Serviços de biologia, biotecnologia e química.","{""codigo_item"":""30.01"",""fonte_legal"":""Lei Complementar 116/2003""}",
31,"Serviços técnicos em edificações, eletrônica, eletrotécnica, mecânica, telecomunicações e congêneres.","{""codigo_item"":""31"",""fonte_legal"":""Lei Complementar 116/2003""}",
31.01,"Serviços técnicos em edificações, eletrônica, eletrotécnica, mecânica, telecomunicações e congêneres.","{""codigo_item"":""31.01"",""fonte_legal"":""Lei Complementar 116/2003""}",
32,Serviços de desenhos técnicos.,"{""codigo_item"":""32"",""fonte_legal"":""Lei Complementar 116/2003""}",
32.01,Serviços de desenhos técnicos.,"{""codigo_item"":""32.01"",""fonte_legal"":""Lei Complementar 116/2003""}",
33,"Serviços de desembaraço aduaneiro, comissários, despachantes e congêneres.","{""codigo_item"":""33"",""fonte_legal"":""Lei Complementar 116/2003""}",
33.01,"Serviços de desembaraço aduaneiro, comissários, despachantes e congêneres.","{""codigo_item"":""33.01"",""fonte_legal"":""Lei Complementar 116/2003""}",
34,"Serviços de investigações particulares, detetives e congêneres.","{""codigo_item"":""34"",""fonte_legal"":""Lei Complementar 116/2003""}",
34.01,"Serviços de investigações particulares, detetives e congêneres.","{""codigo_item"":""34.01"",""fonte_legal"":""Lei Complementar 116/2003""}",
35,"Serviços de reportagem, assessoria de imprensa, jornalismo e relações públicas.","{""codigo_item"":""35"",""fonte_legal"":""Lei Complementar 116/2003""}",
35.01,"Serviços de reportagem, assessoria de imprensa, jornalismo e relações públicas.","{""codigo_item"":""35.01"",""fonte_legal"":""Lei Complementar 116/2003""}",
36,Serviços de meteorologia.,"{""codigo_item"":""36"",""fonte_legal"":""Lei Complementar 116/2003""}",
36.01,Serviços de meteorologia.,"{""codigo_item"":""36.01"",""fonte_legal"":""Lei Complementar 116/2003""}",
37,"Serviços de artistas, atletas, modelos e manequins.","{""codigo_item"":""37"",""fonte_legal"":""Lei Complementar 116/2003""}",
37.01,"Serviços de artistas, atletas, modelos e manequins.","{""codigo_item"":""37.01"",""fonte_legal"":""Lei Complementar 116/2003""}",
38,Serviços de museologia.,"{""codigo_item"":""38"",""fonte_legal"":""Lei Complementar 116/2003""}",
38.01,Serviços de museologia.,"{""codigo_item"":""38.01"",""fonte_legal"":""Lei Complementar 116/2003""}",
39,Serviços de ourivesaria e lapidação.,"{""codigo_item"":""39"",""fonte_legal"":""Lei Complementar 116/2003""}",
39.01,Serviços de ourivesaria e lapidação (quando o material for fornecido pelo tomador do serviço).,"{""codigo_item"":""39.01"",""fonte_legal"":""Lei Complementar 116/2003""}",
4,"Serviços de saúde, assistência médica e congêneres.","{""codigo_item"":""4"",""fonte_legal"":""Lei Complementar 116/2003""}",
4.01,Medicina e biomedicina.,"{""codigo_item"":""4.01"",""fonte_legal"":""Lei Complementar 116/2003""}",
4.02,"Análises clínicas, patologia, eletricidade médica, radioterapia, quimioterapia, ultra-sonografia, ressonância magnética, radiologia, tomografia e congêneres.","{""codigo_item"":""4.02"",""fonte_legal"":""Lei Complementar 116/2003""}",
4.03,"Hospitais, clínicas, laboratórios, sanatórios, manicômios, casas de saúde, prontos-socorros, ambulatórios e congêneres.","{""codigo_item"":""4.03"",""fonte_legal"":""Lei Complementar 116/2003""}",
4.04,Instrumentação cirúrgica.,"{""codigo_item"":""4.04"",""fonte_legal"":""Lei Complementar 116/2003""}",
4.05,Acupuntura.,"{""codigo_item"":""4.05"",""fonte_legal"":""Lei Complementar 116/2003""}",
4.06,"Enfermagem, inclusive serviços auxiliares.","{""codigo_item"":""4.06"",""fonte_legal"":""Lei Complementar 116/2003""}",
4.07,Serviços farmacêuticos.,"{""codigo_item"":""4.07"",""fonte_legal"":""Lei Complementar 116/2003""}",
4.08,"Terapia ocupacional, fisioterapia e fonoaudiologia.","{""codigo_item"":""4.08"",""fonte_legal"":""Lei Complementar 116/2003""}",
4.09,"Terapias de qualquer espécie destinadas ao tratamento físico, orgânico e mental.","{""codigo_item"":""4.09"",""fonte_legal"":""Lei Complementar 116/2003""}",
4.10,Nutrição.,"{""codigo_item"":""4.10"",""fonte_legal"":""Lei Complementar 116/2003""}",
4.11,Obstetrícia.,"{""codigo_item"":""4.11"",""fonte_legal"":""Lei Complementar 116/2003""}",
4.12,Odontologia.,"{""codigo_item"":""4.12"",""fonte_legal"":""Lei Complementar 116/2003""}",
4.13,Ortóptica.,"{""codigo_item"":""4.13"",""fonte_legal"":""Lei Complementar 116/2003""}",
4.14,Próteses sob encomenda.,"{""codigo_item"":""4.14"",""fonte_legal"":""Lei Complementar 116/2003""}",
4.15,Psicanálise.,"{""codigo_item"":""4.15"",""fonte_legal"":""Lei Complementar 116/2003""}",
4.16,Psicologia.,"{""codigo_item"":""4.16"",""fonte_legal"":""Lei Complementar 116/2003""}",
4.17,"Casas de repouso e de recuperação, creches, asilos e congêneres.","{""codigo_item"":""4.17"",""fonte_legal"":""Lei Complementar 116/2003""}",
4.18,"Inseminação artificial, fertilização in vitro e congêneres.","{""codigo_item"":""4.18"",""fonte_legal"":""Lei Complementar 116/2003""}",
4.19,"Bancos de sangue, leite, pele, olhos, óvulos, sêmen e congêneres.","{""codigo_item"":""4.19"",""fonte_legal"":""Lei Complementar 116/2003""}",
4.20,"Coleta de sangue, leite, tecidos, sêmen, órgãos e materiais biológicos de qualquer espécie.","{""codigo_item"":""4.20"",""fonte_legal"":""Lei Complementar 116/2003""}",
4.21,"Unidade de atendimento, assistência ou tratamento móvel e congêneres.","{""codigo_item"":""4.21"",""fonte_legal"":""Lei Complementar 116/2003""}",
40,Serviços relativos a obras de arte sob encomenda.,"{""codigo_item"":""40"",""fonte_legal"":""Lei Complementar 116/2003""}",
40.01,Obras de arte sob encomenda.,"{""codigo_item"":""40.01"",""fonte_legal"":""Lei Complementar 116/2003""}",
5,Serviços de medicina e assistência veterinária e congêneres.,"{""codigo_item"":""5"",""fonte_legal"":""Lei Complementar 116/2003""}",
5.01,Medicina veterinária e zootecnia.,"{""codigo_item"":""5.01"",""fonte_legal"":""Lei Complementar 116/2003""}",
5.02,"Hospitais, clínicas, ambulatórios, prontos-socorros e congêneres, na área veterinária.","{""codigo_item"":""5.02"",""fonte_legal"":""Lei Complementar 116/2003""}",
5.03,Laboratórios de análise na área veterinária.,"{""codigo_item"":""5.03"",""fonte_legal"":""Lei Complementar 116/2003""}",
5.04,"Inseminação artificial, fertilização in vitro e congêneres.","{""codigo_item"":""5.04"",""fonte_legal"":""Lei Complementar 116/2003""}",
5.05,Bancos de sangue e de órgãos e congêneres.,"{""codigo_item"":""5.05"",""fonte_legal"":""Lei Complementar 116/2003""}",
5.06,"Coleta de sangue, leite, tecidos, sêmen, órgãos e materiais biológicos de qualquer espécie.","{""codigo_item"":""5.06"",""fonte_legal"":""Lei Complementar 116/2003""}",
5.07,"Unidade de atendimento, assistência ou tratamento móvel e congêneres.","{""codigo_item"":""5.07"",""fonte_legal"":""Lei Complementar 116/2003""}",
5.08,"Guarda, tratamento, amestramento, embelezamento, alojamento e congêneres.","{""codigo_item"":""5.08"",""fonte_legal"":""Lei Complementar 116/2003""}",
6,"Serviços de cuidados pessoais, estética, atividades físicas e congêneres.","{""codigo_item"":""6"",""fonte_legal"":""Lei Complementar 116/2003""}",
6.01,"Barbearia, cabeleireiros, manicuros, pedicuros e congêneres.","{""codigo_item"":""6.01"",""fonte_legal"":""Lei Complementar 116/2003""}",
6.02,"Esteticistas, tratamento de pele, depilação e congêneres.","{""codigo_item"":""6.02"",""fonte_legal"":""Lei Complementar 116/2003""}",
6.03,"Banhos, duchas, sauna, massagens e congêneres.","{""codigo_item"":""6.03"",""fonte_legal"":""Lei Complementar 116/2003""}",
6.04,"Ginástica, dança, esportes, natação, artes marciais e demais atividades físicas.","{""codigo_item"":""6.04"",""fonte_legal"":""Lei Complementar 116/2003""}",
6.05,"Centros de emagrecimento, spa e congêneres.","{""codigo_item"":""6.05"",""fonte_legal"":""Lei Complementar 116/2003""}",
7,"Serviços relativos a engenharia, arquitetura, geologia, urbanismo, construção civil, manutenção, limpeza, meio ambiente, saneamento e congêneres.","{""codigo_item"":""7"",""fonte_legal"":""Lei Complementar 116/2003""}",
7.01,"Engenharia, agronomia, agrimensura, arquitetura, geologia, urbanismo, paisagismo e congêneres.","{""codigo_item"":""7.01"",""fonte_legal"":""Lei Complementar 116/2003""}",
7.02,"Execução, por administração, empreitada ou subempreitada, de obras de construção civil, hidráulica ou elétrica e de outras obras semelhantes, inclusive sondagem, perfuração de poços, escavação, drenagem e irrigação, terraplanagem, pavimentação, concretagem e a instalação e montagem de produtos, peças e equipamentos (exceto o fornecimento de mercadorias produzidas pelo prestador de serviços fora do local da prestação dos serviços, que fica sujeito ao ICMS).","{""codigo_item"":""7.02"",""fonte_legal"":""Lei Complementar 116/2003""}",
7.03,"Elaboração de planos diretores, estudos de viabilidade, estudos organizacionais e outros, relacionados com obras e serviços de engenharia; elaboração de anteprojetos, projetos básicos e projetos executivos para trabalhos de engenharia.","{""codigo_item"":""7.03"",""fonte_legal"":""Lei Complementar 116/2003""}",
7.04,Demolição.,"{""codigo_item"":""7.04"",""fonte_legal"":""Lei Complementar 116/2003""}",
7.05,"Reparação, conservação e reforma de edifícios, estradas, pontes, portos e congêneres (exceto o fornecimento de mercadorias produzidas pelo prestador dos serviços, fora do local da prestação dos serviços, que fica sujeito ao ICMS).","{""codigo_item"":""7.05"",""fonte_legal"":""Lei Complementar 116/2003""}",
7.06,"Colocação e instalação de tapetes, carpetes, assoalhos, cortinas, revestimentos de parede, vidros, divisórias, placas de gesso e congêneres, com material fornecido pelo tomador do serviço.","{""codigo_item"":""7.06"",""fonte_legal"":""Lei Complementar 116/2003""}",
7.07,"Recuperação, raspagem, polimento e lustração de pisos e congêneres.","{""codigo_item"":""7.07"",""fonte_legal"":""Lei Complementar 116/2003""}",
7.08,Calafetação.,"{""codigo_item"":""7.08"",""fonte_legal"":""Lei Complementar 116/2003""}",
7.09,"Varrição, coleta, remoção, incineração, tratamento, reciclagem, separação e destinação final de lixo, rejeitos e outros resíduos quaisquer.","{""codigo_item"":""7.09"",""fonte_legal"":""Lei Complementar 116/2003""}",
7.10,"Limpeza, manutenção e conservação de vias e logradouros públicos, imóveis, chaminés, piscinas, parques, jardins e congêneres.","{""codigo_item"":""7.10"",""fonte_legal"":""Lei Complementar 116/2003""}",
7.11,"Decoração e jardinagem, inclusive corte e poda de árvores.","{""codigo_item"":""7.11"",""fonte_legal"":""Lei Complementar 116/2003""}",
7.12,"Controle e tratamento de efluentes de qualquer natureza e de agentes físicos, químicos e biológicos.","{""codigo_item"":""7.12"",""fonte_legal"":""Lei Complementar 116/2003""}",
7.13,"Dedetização, desinfecção, desinsetização, imunização, higienização, desratização, pulverização e congêneres.","{""codigo_item"":""7.13"",""fonte_legal"":""Lei Complementar 116/2003""}",
7.16,"Florestamento, reflorestamento, semeadura, adubação e congêneres.","{""codigo_item"":""7.16"",""fonte_legal"":""Lei Complementar 116/2003""}",
7.17,"Escoramento, contenção de encostas e serviços congêneres.","{""codigo_item"":""7.17"",""fonte_legal"":""Lei Complementar 116/2003""}",
7.18,"Limpeza e dragagem de rios, portos, canais, baías, lagos, lagoas, represas, açudes e congêneres.","{""codigo_item"":""7.18"",""fonte_legal"":""Lei Complementar 116/2003""}",
7.19,"Acompanhamento e fiscalização da execução de obras de engenharia, arquitetura e urbanismo.","{""codigo_item"":""7.19"",""fonte_legal"":""Lei Complementar 116/2003""}",
7.20,"Aerofotogrametria (inclusive interpretação), cartografia, mapeamento, levantamentos topográficos, batimétricos, geográficos, geodésicos, geológicos, geofísicos e congêneres.","{""codigo_item"":""7.20"",""fonte_legal"":""Lei Complementar 116/2003""}",
7.21,"Pesquisa, perfuração, cimentação, mergulho, perfilagem, concretação, testemunhagem, pescaria, estimulação e outros serviços relacionados com a exploração e explotação de petróleo, gás natural e de outros recursos minerais.","{""codigo_item"":""7.21"",""fonte_legal"":""Lei Complementar 116/2003""}",
7.22,Nucleação e bombardeamento de nuvens e congêneres.,"{""codigo_item"":""7.22"",""fonte_legal"":""Lei Complementar 116/2003""}",
8,"Serviços de educação, ensino, orientação pedagógica e educacional, instrução, treinamento e avaliação pessoal de qualquer grau ou natureza.","{""codigo_item"":""8"",""fonte_legal"":""Lei Complementar 116/2003""}",
8.01,"Ensino regular pré-escolar, fundamental, médio e superior.","{""codigo_item"":""8.01"",""fonte_legal"":""Lei Complementar 116/2003""}",
8.02,"Instrução, treinamento, orientação pedagógica e educacional, avaliação de conhecimentos de qualquer natureza.","{""codigo_item"":""8.02"",""fonte_legal"":""Lei Complementar 116/2003""}",
9,"Serviços relativos a hospedagem, turismo, viagens e congêneres.","{""codigo_item"":""9"",""fonte_legal"":""Lei Complementar 116/2003""}",
9.01,"Hospedagem de qualquer natureza em hotéis, apart-service condominiais, flat, apart-hotéis, hotéis residência, residence-service, suite service, hotelaria marítima, motéis, pensões e congêneres; ocupação por temporada com fornecimento de serviço (o valor da alimentação e gorjeta, quando incluído no preço da diária, fica sujeito ao Imposto Sobre Serviços).","{""codigo_item"":""9.01"",""fonte_legal"":""Lei Complementar 116/2003""}",
9.02,"Agenciamento, organização, promoção, intermediação e execução de programas de turismo, passeios, viagens, excursões, hospedagens e congêneres.","{""codigo_item"":""9.02"",""fonte_legal"":""Lei Complementar 116/2003""}",
9.03,Guias de turismo.,"{""codigo_item"":""9.03"",""fonte_legal"":""Lei Complementar 116/2003""}",